
INSERT INTO "PUBLIC"."REGION" VALUES ( 1, 'AS');
INSERT INTO "PUBLIC"."CONSTITUENCY" VALUES ( 1, 'Asturias',1 );
INSERT INTO "PUBLIC"."POLLING_PLACE" VALUES ( 1,1 );
INSERT INTO "PUBLIC"."CENSUS" VALUES (1,'sergio@gmail.com', 'Sergio', '9816446', 'sergio',1 );
INSERT INTO "PUBLIC"."CENSUS" VALUES (2,'marcelo@gmail.com', 'Marcelo', '156483', 'marcelo',1 );
INSERT INTO "PUBLIC"."CENSUS" VALUES (3,'javier@gmail.com', 'Javier', '156483', 'Javier',1 );


INSERT INTO ELECTION VALUES('Referendum',1,'2016-04-14 23:43:43.176000','Votar','Independencia Cataluña',2,'2016-04-12 23:43:43.176000','Question');
INSERT INTO ELECTION VALUES('Referendum',2,'2016-04-17 23:43:43.176000','Votar','Independencia Escocia',2,'2016-04-17 23:43:43.176000','Question');
INSERT INTO ELECTION VALUES('ClosedList',3,'2016-04-20 23:43:43.176000','Votar','Elecciones Generales 2016',2,'2016-04-20 23:43:43.176000','Question');

INSERT INTO "PUBLIC"."VOTES_REFERENDUM"( "ID", "NUM_VOTES", "ELECTION_ID", "POLLING_PLACE_ID", "NOES", "YESES" ) VALUES (1 ,3 ,1 ,1 ,2 ,1 );
INSERT INTO "PUBLIC"."VOTES_REFERENDUM"( "ID", "NUM_VOTES", "ELECTION_ID", "POLLING_PLACE_ID", "NOES", "YESES" ) VALUES (2 ,3 ,2 ,1 ,3 ,0 );

INSERT INTO "PUBLIC"."TURNOUT" ( "ELECTION_ID", "VOTER_ID" ) VALUES ( 1,1 );
INSERT INTO "PUBLIC"."TURNOUT" ( "ELECTION_ID", "VOTER_ID" ) VALUES ( 1,2 );
INSERT INTO "PUBLIC"."TURNOUT" ( "ELECTION_ID", "VOTER_ID" ) VALUES ( 1,3);


INSERT INTO "PUBLIC"."TURNOUT" ( "ELECTION_ID", "VOTER_ID" ) VALUES ( 2,1 );
INSERT INTO "PUBLIC"."TURNOUT" ( "ELECTION_ID", "VOTER_ID" ) VALUES ( 2,2 );
INSERT INTO "PUBLIC"."TURNOUT" ( "ELECTION_ID", "VOTER_ID" ) VALUES ( 2,3);

INSERT INTO "PUBLIC"."CANDIDATURE" ( "ID", "DESCRIPTION", "INITIAL", "NAME" )VALUES ( 1, '', '', 'Partido Popular');
INSERT INTO "PUBLIC"."CANDIDATURE" ( "ID", "DESCRIPTION", "INITIAL", "NAME" )VALUES ( 2, '', '', 'Podemos');
INSERT INTO "PUBLIC"."CANDIDATURE" ( "ID", "DESCRIPTION", "INITIAL", "NAME" )VALUES ( 3, '', '', 'Ciudadanos');

INSERT INTO "PUBLIC"."CANDIDATURE_ELECTIONS" ( "CANDIDATURES_ID", "ELECTIONS_ID" ) VALUES (1,3);
INSERT INTO "PUBLIC"."CANDIDATURE_ELECTIONS" ( "CANDIDATURES_ID", "ELECTIONS_ID" ) VALUES (2,3);
INSERT INTO "PUBLIC"."CANDIDATURE_ELECTIONS" ( "CANDIDATURES_ID", "ELECTIONS_ID" ) VALUES (3,3);

INSERT INTO "PUBLIC"."VOTES_CLOSED_LIST" ( "ID", "NUM_VOTES", "ELECTION_ID", "POLLING_PLACE_ID", "CANDIDATURE_ID" ) VALUES ( 3, 3,3 ,1 , 1);
INSERT INTO "PUBLIC"."VOTES_CLOSED_LIST" ( "ID", "NUM_VOTES", "ELECTION_ID", "POLLING_PLACE_ID", "CANDIDATURE_ID" ) VALUES ( 4, 2,3 ,1 , 2);
INSERT INTO "PUBLIC"."VOTES_CLOSED_LIST" ( "ID", "NUM_VOTES", "ELECTION_ID", "POLLING_PLACE_ID", "CANDIDATURE_ID" ) VALUES ( 5, 4,3 ,1 , 3);


