
INSERT INTO "PUBLIC"."REGION" VALUES ( 10, 'AS');
INSERT INTO "PUBLIC"."CONSTITUENCY" VALUES ( 10, 'Asturias',1 );
INSERT INTO "PUBLIC"."POLLING_PLACE" VALUES ( 10,10 );
INSERT INTO "PUBLIC"."CENSUS" VALUES (10,'sergio@gmail.com', 'Sergio', '9816446', 'sergio',10 );
INSERT INTO "PUBLIC"."CENSUS" VALUES (20,'marcelo@gmail.com', 'Marcelo', '156483', 'marcelo',10 );
INSERT INTO "PUBLIC"."CENSUS" VALUES (30,'javier@gmail.com', 'Javier', '156483', 'Javier',1 0);


INSERT INTO ELECTION VALUES('Referendum',10,'2016-04-14 23:43:43.176000','Votar','Independencia Cataluña',2,'2016-04-12 23:43:43.176000','Question');
INSERT INTO ELECTION VALUES('Referendum',20,'2016-04-17 23:43:43.176000','Votar','Independencia Escocia',2,'2016-04-17 23:43:43.176000','Question');
INSERT INTO ELECTION VALUES('ClosedList',30,'2016-04-20 23:43:43.176000','Votar','Elecciones Generales 2016',3,'2016-04-20 23:43:43.176000','Question');
INSERT INTO ELECTION VALUES('ClosedList',40,'2015-04-14 23:43:43.176000','Votar','Elecciones Generales 2015',3,'2015-04-15 23:43:43.176000','Question');


INSERT INTO "PUBLIC"."VOTES_REFERENDUM"( "ID", "NUM_VOTES", "ELECTION_ID", "POLLING_PLACE_ID", "NOES", "YESES" ) VALUES (100 ,3 ,1 ,1 ,2 ,1 );
INSERT INTO "PUBLIC"."VOTES_REFERENDUM"( "ID", "NUM_VOTES", "ELECTION_ID", "POLLING_PLACE_ID", "NOES", "YESES" ) VALUES (200 ,3 ,2 ,1 ,3 ,0 );

INSERT INTO "PUBLIC"."TURNOUT" ( "ELECTION_ID", "VOTER_ID" ) VALUES ( 100,10);
INSERT INTO "PUBLIC"."TURNOUT" ( "ELECTION_ID", "VOTER_ID" ) VALUES ( 100,20 );
INSERT INTO "PUBLIC"."TURNOUT" ( "ELECTION_ID", "VOTER_ID" ) VALUES ( 100,30);


INSERT INTO "PUBLIC"."TURNOUT" ( "ELECTION_ID", "VOTER_ID" ) VALUES ( 200,10 );
INSERT INTO "PUBLIC"."TURNOUT" ( "ELECTION_ID", "VOTER_ID" ) VALUES ( 200,20 );
INSERT INTO "PUBLIC"."TURNOUT" ( "ELECTION_ID", "VOTER_ID" ) VALUES ( 200,30);

INSERT INTO "PUBLIC"."CANDIDATURE" ( "ID", "DESCRIPTION", "INITIAL", "NAME" )VALUES ( 100, '', '', 'Partido Popular');
INSERT INTO "PUBLIC"."CANDIDATURE" ( "ID", "DESCRIPTION", "INITIAL", "NAME" )VALUES ( 200, '', '', 'Podemos');
INSERT INTO "PUBLIC"."CANDIDATURE" ( "ID", "DESCRIPTION", "INITIAL", "NAME" )VALUES ( 300, '', '', 'Ciudadanos');
INSERT INTO "PUBLIC"."CANDIDATURE" ( "ID", "DESCRIPTION", "INITIAL", "NAME" )VALUES ( 400, '', '', 'PSOE');

INSERT INTO "PUBLIC"."CANDIDATURE_ELECTIONS" ( "CANDIDATURES_ID", "ELECTIONS_ID" ) VALUES (100,30);
INSERT INTO "PUBLIC"."CANDIDATURE_ELECTIONS" ( "CANDIDATURES_ID", "ELECTIONS_ID" ) VALUES (200,30);
INSERT INTO "PUBLIC"."CANDIDATURE_ELECTIONS" ( "CANDIDATURES_ID", "ELECTIONS_ID" ) VALUES (300,30);

INSERT INTO "PUBLIC"."CANDIDATURE_ELECTIONS" ( "CANDIDATURES_ID", "ELECTIONS_ID" ) VALUES (100,40);
INSERT INTO "PUBLIC"."CANDIDATURE_ELECTIONS" ( "CANDIDATURES_ID", "ELECTIONS_ID" ) VALUES (200,40);
INSERT INTO "PUBLIC"."CANDIDATURE_ELECTIONS" ( "CANDIDATURES_ID", "ELECTIONS_ID" ) VALUES (300,40);

INSERT INTO "PUBLIC"."VOTES_CLOSED_LIST" ( "ID", "NUM_VOTES", "ELECTION_ID", "POLLING_PLACE_ID", "CANDIDATURE_ID" ) VALUES ( 300, 3,30 ,10 , 100);
INSERT INTO "PUBLIC"."VOTES_CLOSED_LIST" ( "ID", "NUM_VOTES", "ELECTION_ID", "POLLING_PLACE_ID", "CANDIDATURE_ID" ) VALUES ( 400, 2,30 ,10 , 200);
INSERT INTO "PUBLIC"."VOTES_CLOSED_LIST" ( "ID", "NUM_VOTES", "ELECTION_ID", "POLLING_PLACE_ID", "CANDIDATURE_ID" ) VALUES ( 500, 4,30 ,10 , 300);

INSERT INTO "PUBLIC"."VOTES_CLOSED_LIST" ( "ID", "NUM_VOTES", "ELECTION_ID", "POLLING_PLACE_ID", "CANDIDATURE_ID" ) VALUES ( 6, 4,4 ,1 , 1);
INSERT INTO "PUBLIC"."VOTES_CLOSED_LIST" ( "ID", "NUM_VOTES", "ELECTION_ID", "POLLING_PLACE_ID", "CANDIDATURE_ID" ) VALUES ( 7, 8,4 ,1 , 2);
INSERT INTO "PUBLIC"."VOTES_CLOSED_LIST" ( "ID", "NUM_VOTES", "ELECTION_ID", "POLLING_PLACE_ID", "CANDIDATURE_ID" ) VALUES ( 8, 5,4 ,1 , 3);
INSERT INTO "PUBLIC"."VOTES_CLOSED_LIST" ( "ID", "NUM_VOTES", "ELECTION_ID", "POLLING_PLACE_ID", "CANDIDATURE_ID" ) VALUES ( 9, 10,4 ,1 , 4);

/*Falta añadir usuario a la tabla turnout y añadir mas votantes*/ 

INSERT INTO "PUBLIC"."CANDIDATE" ( "ID", "DNI", "NAME", "SURNAME", "CANDIDATURE_ID" ) VALUES ( 100, '645675', 'Pedro', 'Fernandez',100);
INSERT INTO "PUBLIC"."CANDIDATE" ( "ID", "DNI", "NAME", "SURNAME", "CANDIDATURE_ID" ) VALUES ( 200, '945675', 'Javier', 'Quintana',200);
INSERT INTO "PUBLIC"."CANDIDATE" ( "ID", "DNI", "NAME", "SURNAME", "CANDIDATURE_ID" ) VALUES ( 300, '845675', 'Chema', 'Villa',300);
INSERT INTO "PUBLIC"."CANDIDATE" ( "ID", "DNI", "NAME", "SURNAME", "CANDIDATURE_ID" ) VALUES ( 400, '345675', 'Pablo', 'Ronaldo',400);

INSERT INTO ELECTION VALUES('OpenList',50,'2014-04-14 23:43:43.176000','Votar','Elecciones Rector Uniovi',3,'2014-04-15 23:43:43.176000','Question');

INSERT INTO "PUBLIC"."CANDIDATE_ELECTIONS" ( "CANDIDATES_ID", "ELECTIONS_ID" ) VALUES (100,50);
INSERT INTO "PUBLIC"."CANDIDATE_ELECTIONS" ( "CANDIDATES_ID", "ELECTIONS_ID" ) VALUES (200,50);
INSERT INTO "PUBLIC"."CANDIDATE_ELECTIONS" ( "CANDIDATES_ID", "ELECTIONS_ID" ) VALUES (300,50);
INSERT INTO "PUBLIC"."CANDIDATE_ELECTIONS" ( "CANDIDATES_ID", "ELECTIONS_ID" ) VALUES (400,50);

INSERT INTO "PUBLIC"."VOTES_OPEN_LIST" ( "ID", "NUM_VOTES", "ELECTION_ID", "POLLING_PLACE_ID", "CANDIDATE_ID" ) VALUES (100, 10,50 , 10, 100);
INSERT INTO "PUBLIC"."VOTES_OPEN_LIST" ( "ID", "NUM_VOTES", "ELECTION_ID", "POLLING_PLACE_ID", "CANDIDATE_ID" ) VALUES (110, 7,50 , 10, 200);
INSERT INTO "PUBLIC"."VOTES_OPEN_LIST" ( "ID", "NUM_VOTES", "ELECTION_ID", "POLLING_PLACE_ID", "CANDIDATE_ID" ) VALUES (120, 20,50 , 10, 300);
INSERT INTO "PUBLIC"."VOTES_OPEN_LIST" ( "ID", "NUM_VOTES", "ELECTION_ID", "POLLING_PLACE_ID", "CANDIDATE_ID" ) VALUES (130, 30,50 , 10, 400);
